[{"Nome":"Lucas","Cpf":"11111111","PrimeiroNumero":1,"SegundoNumero":2,"TerceiroNumero":3,"QuartoNumero":4,"QuintoNumero":5,"SextoNumero":6,"DataJogo":"2023-09-19T23:20:54.456Z"},{"NomeDoJogador":"string","CPF":"string","PrimeiroNumero":0,"SegundoNumero":0,"TerceiroNumero":0,"QuartoNumero":0,"QuintoNumero":0,"SextoNumero":0,"DataJogo":"2023-09-19T23:32:10.632Z"},{"NomeDoJogador":"string","CPF":"string","PrimeiroNumero":0,"SegundoNumero":0,"TerceiroNumero":0,"QuartoNumero":0,"QuintoNumero":0,"SextoNumero":0,"DataJogo":"2023-09-19T23:36:22.447Z"},{"NomeDoJogador":"string","CPF":"string","PrimeiroNumero":0,"SegundoNumero":0,"TerceiroNumero":0,"QuartoNumero":0,"QuintoNumero":0,"SextoNumero":0,"DataJogo":"2023-09-20T21:17:55.1877537-03:00"},{"NomeDoJogador":"string","CPF":"string","PrimeiroNumero":0,"SegundoNumero":0,"TerceiroNumero":0,"QuartoNumero":0,"QuintoNumero":0,"SextoNumero":0,"DataJogo":"2023-09-20T21:19:12.7831615-03:00"},{"NomeDoJogador":"string","CPF":"40028922123","PrimeiroNumero":60,"SegundoNumero":60,"TerceiroNumero":60,"QuartoNumero":60,"QuintoNumero":60,"SextoNumero":60,"DataJogo":"2023-09-20T21:21:09.7547675-03:00"}]